ID_Equipo,Costo_Mantenimiento,Tipo_Equipo,Fabricante,Modelo,Potencia_kW,Horas_Recomendadas_Revision,Total_Horas_Operativas,Horas_Operativas_Anomala,Costo_Mantenimiento_Anomalo
1,97337.95,Motor,Schneider,X100,1009,9656,769445.0,False,False
2,47254.0,Motor,ABB,Z300,1220,2165,838924.0,False,False
3,59341.64,Motor,GE,Y200,3733,6674,758108.0,False,False
4,119177.56999999999,Transformador,Siemens,X100,662,1480,1134307.0,False,False
5,82240.49,Compresor,ABB,Y200,982,4282,1565791.3276785715,True,False
6,128313.03,Compresor,GE,Z300,4426,8747,1068501.0,False,False
7,55184.82,Transformador,ABB,Y200,1830,1238,593782.0,False,False
8,144802.02,Transformador,GE,Y200,532,3846,1083615.0,False,False
9,88951.44,Compresor,ABB,X100,3484,9688,544704.0,False,False
10,81878.5,Compresor,Schneider,M400,3227,5305,1106547.0,False,False
11,90039.37,Generador,ABB,M400,53,9335,974656.0,False,False
12,128519.0,Transformador,GE,Y200,4159,5997,1115454.0,False,False
13,95897.5,Compresor,GE,Z300,1889,4965,1171904.0,False,False
14,123603.29000000001,Compresor,ABB,Z300,2106,5941,1176431.0,False,False
15,114586.89,Generador,Schneider,X100,3181,4543,861214.0,False,False
16,90400.73999999999,Transformador,ABB,Y200,2014,690,880194.3276785715,False,False
17,124549.53,Motor,Schneider,M400,1003,9824,654967.0,False,False
18,95048.71,Transformador,Siemens,M400,2815,3312,935312.0,False,False
19,109728.12,Motor,Siemens,M400,4785,6623,978977.0,False,False
20,108297.15,Motor,Siemens,M400,4510,6072,919847.0,False,False
21,126976.25,Transformador,Schneider,Y200,278,1736,1021156.0,False,False
22,113202.9,Compresor,ABB,Y200,1497,5953,817452.0,False,False
23,115849.98,Generador,Siemens,Y200,2268,4449,794878.0,False,False
24,83513.77,Motor,ABB,Y200,2521,802,685253.0,False,False
25,85908.56,Generador,ABB,X100,4859,3373,965496.3276785715,False,False
26,94491.32,Transformador,ABB,Y200,4420,1607,949092.0,False,False
27,64399.450000000004,Compresor,GE,Z300,2431,4411,1273683.0,False,False
28,57829.87,Transformador,ABB,X100,3635,5382,938946.0,False,False
29,76584.01,Compresor,Schneider,X100,2934,3256,1129520.0,False,False
30,98611.02,Generador,ABB,X100,2013,9009,709715.0,False,False
31,65481.619999999995,Compresor,ABB,Y200,1514,7272,1025452.0,False,False
32,140429.76,Generador,GE,Y200,876,9450,1387305.0,False,False
33,113412.6,Motor,Schneider,Y200,2489,5353,731112.0,False,False
34,89170.19,Transformador,Siemens,X100,1673,4775,482179.0,False,False
35,74419.73,Generador,Schneider,Z300,1771,969,575639.0,False,False
36,108115.285,Generador,GE,X100,3558,6471,818169.0,False,False
37,125808.845,Compresor,GE,M400,1638,4138,626586.0,False,False
38,132519.89,Compresor,Siemens,X100,2583,4618,500461.0,False,False
39,153548.01,Generador,GE,X100,1617,7512,1016656.0,False,False
40,116092.72,Transformador,Schneider,Y200,791,5183,901666.0,False,False
41,68960.5,Motor,Schneider,Z300,4491,1010,945322.0,False,False
42,77440.81,Generador,ABB,X100,1231,5344,789004.0,False,False
43,77762.54000000001,Transformador,Schneider,M400,4591,8544,1012933.0,False,False
44,77393.92,Transformador,ABB,X100,2999,1537,1237708.0,False,False
45,101986.14,Motor,GE,Y200,2269,2657,888275.0,False,False
46,101153.02,Motor,GE,Y200,4185,9788,1551097.0,False,False
47,83980.14,Generador,ABB,X100,4444,3612,948981.0,False,False
48,83182.88,Motor,GE,Z300,3431,9211,1158661.0,False,False
49,83701.52,Compresor,ABB,Z300,2840,6155,1088768.3276785715,False,False
50,76136.04,Motor,Schneider,X100,1677,4927,1204411.0,False,False
51,130872.39,Compresor,GE,Y200,1805,6528,1324419.0,False,False
52,135673.62,Generador,ABB,Z300,3089,5145,1033858.0,False,False
53,118473.1,Transformador,ABB,Z300,2619,4596,779892.0,False,False
54,71192.34,Motor,ABB,M400,4032,7184,1091214.0,False,False
55,117561.62,Generador,GE,M400,1878,2353,816569.0,False,False
56,97871.95,Transformador,Schneider,X100,3401,1797,1317563.0,False,False
57,100100.79,Compresor,Schneider,X100,934,5098,916947.0,False,False
58,46677.955,Motor,Schneider,M400,1240,9555,844822.0,False,False
59,164986.19,Generador,Schneider,M400,2510,2244,926698.0,False,False
60,133440.395,Generador,Siemens,M400,396,5644,757451.0,False,False
61,86405.23999999999,Transformador,Schneider,Y200,4218,3319,887013.0,False,False
62,86242.115,Compresor,GE,Z300,2784,8577,608689.0,False,False
63,111084.54,Generador,ABB,Y200,919,7149,1331781.3276785715,False,False
64,127824.16,Generador,ABB,Z300,2938,6453,700215.0,False,False
65,90458.66,Generador,Schneider,X100,4607,8967,794353.0,False,False
66,88749.02,Compresor,Siemens,Y200,2125,8734,731980.0,False,False
67,53164.4,Generador,GE,M400,2541,6529,776407.0,False,False
68,72656.22,Compresor,Schneider,Y200,4886,9388,743331.3276785715,False,False
69,68090.815,Transformador,Schneider,Z300,4654,711,1037684.0,False,False
70,77761.74,Motor,GE,Y200,2488,2460,970292.0,False,False
71,85697.7,Compresor,ABB,X100,2180,3150,940669.0,False,False
72,88184.53,Generador,Siemens,Z300,2796,2848,1051198.0,False,False
73,102035.19,Transformador,Schneider,M400,3008,2505,1231848.0,False,False
74,112360.6,Transformador,Schneider,M400,3488,2014,1435947.0,False,False
75,81122.99,Motor,ABB,Z300,2407,6894,730614.0,False,False
76,134409.22,Compresor,Schneider,M400,1086,8670,951334.0,False,False
77,104675.99,Motor,Siemens,Y200,1738,2412,1111021.0,False,False
78,93218.55,Motor,Siemens,M400,3316,9416,609915.0,False,False
79,112911.58,Motor,Siemens,Z300,4187,2662,1448532.0,False,False
80,115059.15000000001,Generador,Siemens,X100,1489,9477,665141.0,False,False
81,116329.19,Motor,Siemens,M400,393,5537,1730432.0,True,False
82,109135.93000000001,Motor,ABB,Z300,2489,8473,697802.0,False,False
83,103089.49,Transformador,Schneider,X100,645,8864,1006074.0,False,False
84,82451.26999999999,Compresor,Schneider,M400,4319,6820,1030642.0,False,False
85,100977.93,Compresor,ABB,X100,4945,7392,543184.0,False,False
86,88672.31999999999,Generador,ABB,Z300,4375,1783,948077.0,False,False
87,93589.31999999999,Generador,GE,M400,2666,2635,669335.0,False,False
88,91808.5,Generador,Siemens,Z300,1294,3265,1125648.0,False,False
89,108551.03,Generador,GE,M400,401,7324,616911.0,False,False
90,70944.15,Compresor,ABB,Y200,1680,3335,861847.0,False,False
91,104714.69,Compresor,ABB,Z300,2180,8700,774912.0,False,False
92,120647.89,Transformador,ABB,M400,1121,5303,924499.0,False,False
93,105520.05,Compresor,GE,Y200,210,5972,857725.0,False,False
94,103745.98999999999,Generador,Siemens,Z300,4548,549,1256562.0,False,False
95,92313.54,Compresor,GE,M400,3634,4731,639623.0,False,False
96,84628.47,Transformador,GE,M400,1601,9334,889981.0,False,False
97,87962.295,Generador,GE,X100,1873,9916,1019112.0,False,False
98,68205.9,Generador,Schneider,M400,4948,4097,927048.0,False,False
99,135547.63999999998,Motor,Schneider,Y200,3212,3974,915133.0,False,False
100,115016.53,Motor,Siemens,M400,3649,6972,1055903.0,False,False
101,130656.29,Generador,Siemens,X100,2604,2906,782567.0,False,False
102,105977.705,Motor,GE,X100,3783,8392,1360608.3276785715,False,False
103,78131.92,Generador,GE,Y200,4203,5166,1206350.0,False,False
104,140346.36,Motor,Siemens,Y200,2898,8569,844860.0,False,False
105,110807.55,Compresor,ABB,M400,1282,5776,1269920.0,False,False
106,91669.45,Generador,ABB,M400,981,3998,974050.3276785715,False,False
107,160542.87,Motor,ABB,Z300,3029,4500,850569.0,False,False
108,116378.59,Motor,GE,Y200,2742,6393,812798.0,False,False
109,88335.25,Generador,GE,Y200,2101,1710,1195897.0,False,False
110,112846.03,Motor,Schneider,Z300,3029,899,781029.0,False,False
111,116075.53,Motor,GE,Z300,2705,4471,1100334.0,False,False
112,70241.06,Motor,Schneider,M400,137,3101,1038018.0,False,False
113,113250.045,Compresor,Schneider,M400,2081,8101,924410.0,False,False
114,113676.85,Transformador,Siemens,Y200,961,6574,390179.0,True,False
115,91638.67,Motor,Schneider,Y200,416,1351,1016027.0,False,False
116,77640.38,Compresor,Schneider,Z300,3507,2386,959751.0,False,False
117,74644.25,Compresor,Siemens,M400,1008,1177,959561.0,False,False
118,116227.23999999999,Motor,Siemens,M400,1536,7706,975119.0,False,False
119,133576.63,Motor,GE,X100,4726,6857,1235473.0,False,False
120,88830.17,Compresor,ABB,X100,3344,1489,962508.0,False,False
121,72596.985,Generador,Schneider,X100,291,5074,919618.0,False,False
122,95883.5,Compresor,ABB,X100,250,681,1162367.0,False,False
123,140173.67,Transformador,GE,Z300,2093,6594,593404.0,False,False
124,45538.64,Compresor,Siemens,Z300,4602,2173,763120.0,False,True
125,93681.59999999999,Transformador,Siemens,Z300,1867,655,864644.0,False,False
126,55417.31,Motor,ABB,Z300,1652,8243,709036.0,False,False
127,104211.58,Compresor,Siemens,Z300,3941,5058,1103159.0,False,False
128,115444.535,Motor,Siemens,Z300,4877,7484,605203.0,False,False
129,104343.85,Transformador,GE,X100,2770,5077,1191765.0,False,False
130,162201.68,Generador,Schneider,Z300,4346,1534,769110.3276785715,False,False
131,112129.04,Motor,Schneider,Z300,558,1834,1095403.0,False,False
132,107884.98,Transformador,ABB,Y200,4039,4529,593825.0,False,False
133,103506.29000000001,Transformador,Schneider,Z300,3846,4050,1010378.0,False,False
134,109025.65,Transformador,Siemens,Z300,3534,9246,626635.3276785715,False,False
135,140119.57,Motor,ABB,Y200,2188,9084,992028.0,False,False
136,79682.84,Generador,GE,Y200,887,4743,843282.0,False,False
137,92152.05,Transformador,GE,M400,3184,5132,955014.0,False,False
138,91660.48999999999,Compresor,Siemens,M400,2801,3972,522079.0,False,False
139,133650.06,Generador,GE,X100,2691,6087,1017055.0,False,False
140,70324.125,Compresor,ABB,X100,4899,5514,1073394.0,False,False
141,187601.77,Compresor,ABB,Y200,1879,2270,685983.0,False,True
142,82786.09,Compresor,Schneider,Z300,2012,8143,509989.0,False,False
143,134849.36000000002,Compresor,Siemens,X100,4911,4646,869078.0,False,False
144,68501.16,Transformador,Siemens,Y200,1046,2910,834714.0,False,False
145,107577.04,Transformador,Siemens,Y200,2275,4924,890666.0,False,False
146,116684.04,Transformador,GE,Y200,1077,2975,919259.0,False,False
147,101282.16,Compresor,Schneider,Y200,3002,4190,1094982.0,False,False
148,95213.56,Motor,GE,Y200,3477,5412,1190050.0,False,False
149,102211.86,Compresor,Siemens,Z300,4536,2143,1106501.0,False,False
150,79252.06,Generador,GE,X100,225,2866,634153.0,False,False
151,79620.87,Motor,Siemens,X100,1765,6823,1282418.0,False,False
152,106174.54,Transformador,GE,M400,491,2138,776450.0,False,False
153,149317.57,Generador,ABB,Y200,1913,5048,732309.0,False,False
154,90815.14,Generador,Schneider,Z300,3565,4049,1514065.0,False,False
155,65235.649999999994,Generador,GE,Z300,4598,1585,1600116.0,True,False
156,92526.61,Transformador,Siemens,X100,2809,5701,414114.0,False,False
157,123935.455,Transformador,ABB,Y200,2275,8496,644193.0,False,False
158,95659.125,Motor,Schneider,Y200,4080,3492,984038.0,False,False
159,107374.96,Compresor,Siemens,X100,3541,9268,1483994.0,False,False
160,111837.085,Transformador,Siemens,M400,173,1443,879269.0,False,False
161,110277.9,Motor,GE,Z300,2009,1315,895761.0,False,False
162,94008.45999999999,Motor,Siemens,Y200,4450,5036,674214.0,False,False
163,116830.72,Generador,Schneider,X100,2096,5938,651845.0,False,False
164,149252.08000000002,Motor,Schneider,M400,4560,4360,952315.3276785715,False,False
165,55903.3,Generador,Siemens,M400,3546,6862,1010321.3276785715,False,False
166,76454.825,Generador,Siemens,Y200,1521,7133,1091926.0,False,False
167,98349.34,Motor,Siemens,M400,1881,661,835463.0,False,False
168,56663.17,Motor,Siemens,Y200,384,4436,812653.0,False,False
169,114516.42,Transformador,Schneider,Y200,2245,6874,812405.0,False,False
170,83455.91,Generador,ABB,Y200,1280,4609,1092198.0,False,False
171,86356.83,Transformador,GE,X100,1827,9836,912992.0,False,False
172,165278.54,Generador,Schneider,Z300,4194,6494,1147307.0,False,True
173,74576.6,Transformador,Siemens,Z300,3806,3507,1190082.0,False,False
174,102672.72,Motor,Schneider,X100,2490,6926,834320.0,False,False
175,101681.0,Generador,Schneider,Z300,817,9078,724517.0,False,False
176,41280.32,Generador,ABB,X100,3681,663,1395191.0,False,True
177,106261.93000000001,Generador,Schneider,X100,1434,1117,896733.0,False,False
178,74717.64,Generador,GE,Z300,3162,8760,567480.0,False,False
179,125770.52,Motor,ABB,Z300,1816,5751,1092406.0,False,False
180,99891.615,Transformador,Schneider,X100,2039,8730,824065.0,False,False
181,96551.69,Transformador,Schneider,X100,2960,6992,987297.0,False,False
182,108938.0,Motor,Siemens,Z300,451,8441,999237.0,False,False
183,69677.88,Transformador,Siemens,X100,2569,8879,822241.0,False,False
184,106455.87,Transformador,Schneider,Z300,1805,572,888567.0,False,False
185,83598.63,Transformador,ABB,X100,2704,3460,409845.0,True,False
186,99620.68,Compresor,Siemens,Y200,1559,5988,750504.0,False,False
187,101766.36,Compresor,ABB,Z300,4546,6143,926895.0,False,False
188,71050.45999999999,Generador,ABB,Z300,864,4139,1091865.0,False,False
189,60341.64,Compresor,ABB,Y200,3542,1534,683418.0,False,False
190,99691.41,Motor,ABB,Z300,1350,8604,937352.0,False,False
191,88677.305,Transformador,Siemens,Y200,1640,2102,1535673.0,False,False
192,58387.17,Compresor,Schneider,X100,2204,4232,747102.0,False,False
193,136088.96,Transformador,Siemens,Z300,1858,2833,718528.0,False,False
194,82423.56,Motor,Schneider,Y200,1193,6891,737138.0,False,False
195,131157.96,Compresor,Siemens,M400,828,7088,731868.0,False,False
196,112525.55500000001,Transformador,Schneider,Z300,3316,2067,1294542.0,False,False
197,101042.91,Transformador,ABB,X100,4310,2716,1314117.0,False,False
198,72904.8,Generador,ABB,X100,1285,3627,527700.0,False,False
199,90770.3,Motor,Siemens,M400,758,1020,937433.0,False,False
200,69077.03,Generador,Siemens,M400,2648,4225,752489.0,False,False
201,111419.56,Generador,Siemens,Z300,2218,8978,673909.0,False,False
202,92513.36,Motor,GE,Y200,3865,6736,1638705.0,True,False
203,83235.69,Generador,Schneider,X100,286,8101,1170756.3276785715,False,False
204,82969.495,Compresor,Siemens,M400,562,1648,710660.0,False,False
205,50349.66,Compresor,ABB,Y200,427,3867,563182.0,False,False
206,88381.13,Compresor,ABB,Y200,3393,6023,1289406.0,False,False
207,154275.67,Motor,Schneider,Z300,2226,8068,777446.0,False,False
208,77947.58,Transformador,GE,X100,2030,8645,1177282.0,False,False
209,67500.05,Transformador,GE,Y200,3225,1175,710097.0,False,False
210,81583.55,Transformador,Schneider,X100,2442,2999,854073.0,False,False
211,118010.645,Motor,Siemens,Y200,3385,9516,554037.0,False,False
212,101804.76,Generador,Siemens,M400,3301,6898,835192.0,False,False
213,95488.395,Transformador,Schneider,Y200,1595,6320,807971.0,False,False
214,85921.39,Compresor,ABB,Z300,2180,9829,929283.0,False,False
215,136605.19,Generador,Schneider,M400,4425,2493,754852.0,False,False
216,133169.76,Compresor,Schneider,M400,2005,3209,1010645.0,False,False
217,88883.72,Compresor,Schneider,X100,1406,5050,602991.0,False,False
218,75133.2,Compresor,GE,Z300,2066,3469,1186357.0,False,False
219,116157.55,Generador,ABB,M400,2264,1081,975809.0,False,False
220,108701.61,Generador,GE,Z300,3028,1008,1133821.0,False,False
221,107728.65,Generador,GE,X100,1244,9491,1390997.3276785715,False,False
222,91988.36,Generador,Schneider,M400,404,7108,561465.0,False,False
223,104332.43,Transformador,GE,Z300,896,7908,1081180.0,False,False
224,60614.59,Compresor,ABB,M400,3026,7817,553517.0,False,False
225,157506.35,Transformador,GE,Z300,273,5228,713616.0,False,False
226,86094.45,Motor,Schneider,Z300,849,4993,794157.0,False,False
227,41036.89,Motor,Schneider,Y200,3078,6083,973483.0,False,True
228,65429.28,Compresor,ABB,M400,1906,7440,631612.0,False,False
229,87805.23,Transformador,Siemens,Y200,3717,8239,1642843.0,True,False
230,121634.655,Motor,Schneider,X100,146,1520,835729.0,False,False
231,79385.69,Transformador,GE,Z300,2049,8006,897484.0,False,False
232,124839.50499999999,Compresor,ABB,M400,1536,9026,896802.0,False,False
233,62261.5,Motor,Siemens,X100,1813,8953,1004476.0,False,False
234,76524.96,Transformador,ABB,Z300,153,9448,890288.0,False,False
235,128251.02,Compresor,GE,X100,3358,5854,1104301.0,False,False
236,76618.88,Generador,GE,Y200,2686,2706,766067.0,False,False
237,103271.705,Compresor,Schneider,X100,972,6962,761078.0,False,False
238,94244.65000000001,Compresor,Siemens,Y200,4764,8757,1119840.0,False,False
239,92355.84,Motor,Schneider,Y200,2638,4881,839949.0,False,False
240,82460.22,Motor,ABB,Z300,443,5589,864448.0,False,False
241,95601.26,Generador,ABB,Y200,2240,1919,1101774.0,False,False
242,45593.64,Transformador,ABB,Z300,4226,9020,512815.0,False,False
243,71552.96,Motor,Schneider,X100,4848,9993,984285.3276785715,False,False
244,79649.91,Generador,Siemens,Z300,871,2608,1301464.0,False,False
245,125940.47,Generador,Siemens,Z300,1235,1305,1163237.0,False,False
246,73940.35,Motor,ABB,M400,1137,1448,1283125.0,False,False
247,115691.45999999999,Motor,Schneider,X100,4428,833,808146.0,False,False
248,96799.11,Compresor,Siemens,Z300,4947,9556,1083357.3276785715,False,False
249,136812.09,Generador,Schneider,M400,2546,6326,1059339.0,False,False
250,110882.43000000001,Compresor,GE,M400,4033,564,943940.0,False,False
251,103008.52,Generador,Siemens,M400,2742,889,661556.0,False,False
252,100033.18,Generador,Schneider,Z300,2071,6710,735399.0,False,False
253,75742.91,Compresor,ABB,M400,2143,7863,890164.0,False,False
254,137085.625,Compresor,GE,Z300,1514,9851,773403.0,False,False
255,116237.83,Motor,Siemens,X100,703,867,1035403.0,False,False
256,99819.94499999999,Compresor,Siemens,X100,799,7509,882024.3276785715,False,False
257,86152.62,Transformador,Schneider,X100,248,830,743726.0,False,False
258,91889.98,Motor,ABB,Z300,360,2487,891051.0,False,False
259,132287.88,Motor,ABB,M400,2940,8145,745175.0,False,False
260,86840.35,Transformador,ABB,X100,2386,4700,744725.0,False,False
261,74754.195,Compresor,ABB,X100,810,9397,563017.0,False,False
262,97090.37,Compresor,Schneider,X100,3255,618,789488.0,False,False
263,115917.99,Generador,Siemens,Z300,4992,1470,691357.0,False,False
264,79852.65,Transformador,GE,Y200,2275,7318,1043657.0,False,False
265,58094.06,Transformador,Siemens,X100,704,4880,494014.0,False,False
266,114087.87,Generador,ABB,Y200,4002,1316,740481.0,False,False
267,84268.06999999999,Motor,Schneider,X100,3606,6806,727527.0,False,False
268,128216.95999999999,Transformador,GE,M400,404,9327,878192.0,False,False
269,137463.46,Transformador,Siemens,Z300,1685,2841,617051.0,False,False
270,109614.75,Generador,ABB,Z300,4497,2935,1202938.0,False,False
271,73429.22,Transformador,ABB,M400,564,3573,587969.0,False,False
272,58481.46,Transformador,ABB,Y200,4997,9909,1076574.3276785715,False,False
273,83579.08,Motor,ABB,X100,1609,1806,929374.0,False,False
274,71822.86,Motor,Schneider,Z300,4700,8292,1079423.3276785715,False,False
275,116093.41,Motor,Siemens,X100,3117,5202,766961.0,False,False
276,75630.25,Compresor,ABB,Z300,274,3752,996725.0,False,False
277,83861.24,Compresor,Schneider,X100,3449,5945,1369898.0,False,False
278,134831.54,Compresor,Schneider,Z300,983,6741,883841.0,False,False
279,87834.19,Generador,Schneider,X100,2271,4505,1165523.0,False,False
280,101475.47,Transformador,GE,Z300,2995,7065,976694.0,False,False
281,161622.62,Compresor,Schneider,Y200,1625,8994,863952.0,False,False
282,83252.68,Motor,Siemens,Y200,4728,4546,1086357.0,False,False
283,156765.24,Compresor,GE,Z300,2053,697,1306755.3276785715,False,False
284,139961.18,Motor,Siemens,X100,3011,4356,953665.0,False,False
285,98466.13,Generador,GE,M400,2929,3211,618811.0,False,False
286,131477.74,Motor,Siemens,M400,1065,8154,908682.0,False,False
287,76995.82,Motor,Siemens,X100,4225,9570,577091.0,False,False
288,105658.74,Generador,ABB,Z300,3630,3219,1004841.0,False,False
289,121883.23999999999,Motor,GE,Y200,1486,4287,1133361.0,False,False
290,100008.88,Motor,ABB,X100,2822,4972,1154158.0,False,False
291,104544.18000000001,Generador,Siemens,Z300,415,2875,741957.0,False,False
292,107428.86,Compresor,Siemens,Y200,4523,3104,1079744.0,False,False
293,119374.78,Generador,ABB,X100,3253,8365,959183.3276785715,False,False
294,81115.47,Motor,Schneider,Y200,4557,7797,692062.0,False,False
295,117183.37,Transformador,GE,Y200,2597,6403,899167.0,False,False
296,94478.51,Generador,Schneider,X100,2540,5638,1339927.0,False,False
297,96883.72,Generador,GE,X100,4779,1279,1174368.0,False,False
298,123768.47,Transformador,GE,M400,4080,6337,1108711.0,False,False
299,122225.61,Generador,ABB,M400,3679,7997,1309993.0,False,False
300,92143.49,Generador,ABB,Z300,2725,1717,864191.0,False,False
301,122293.9,Generador,GE,Y200,1995,8321,732730.0,False,False
302,89473.05,Transformador,Schneider,Z300,2985,8001,1220536.0,False,False
303,106790.56,Generador,ABB,Y200,2510,7836,1154387.0,False,False
304,73739.035,Generador,GE,Z300,3612,5298,479696.0,False,False
305,105004.3,Transformador,Siemens,M400,2543,7892,996846.0,False,False
306,95111.13,Transformador,GE,X100,392,7449,833897.0,False,False
307,85237.38,Motor,GE,M400,725,9579,1049308.0,False,False
308,74693.62,Transformador,Siemens,Y200,3308,9547,988573.0,False,False
309,103356.79000000001,Transformador,ABB,Y200,3745,1738,968153.0,False,False
310,77001.71,Compresor,Siemens,Z300,4734,7311,616392.0,False,False
311,142224.39,Motor,ABB,Y200,2158,1161,871625.3276785715,False,False
312,141651.82,Transformador,ABB,Z300,3221,2934,1089332.3276785715,False,False
313,73090.88,Motor,GE,X100,1772,4897,1020838.0,False,False
314,37475.71,Compresor,GE,Y200,3517,9243,552729.0,False,True
315,126646.2,Transformador,ABB,M400,2010,832,886359.0,False,False
316,77261.995,Motor,Schneider,M400,4059,9290,359474.0,True,False
317,87963.645,Transformador,ABB,Z300,3527,5095,914187.0,False,False
318,93979.04000000001,Generador,GE,M400,1132,5724,464061.0,False,False
319,166003.145,Motor,Schneider,Y200,2933,7035,842226.0,False,True
320,114896.13,Generador,ABB,M400,527,1247,953555.0,False,False
321,82890.04,Compresor,ABB,Y200,2180,8230,879243.0,False,False
322,81242.6,Generador,Schneider,M400,1416,678,573355.0,False,False
323,119244.46,Motor,Schneider,Z300,4993,3431,1136039.655357143,False,False
324,94279.77,Generador,ABB,Y200,3715,6374,634831.0,False,False
325,75483.76,Generador,GE,Z300,3334,7123,1259744.0,False,False
326,89288.55,Compresor,Schneider,Z300,4175,3880,684670.0,False,False
327,116447.76,Generador,Siemens,Z300,2677,3836,753445.0,False,False
328,97251.23,Motor,Schneider,Y200,4403,6038,775532.0,False,False
329,119869.84,Generador,ABB,Y200,4035,7846,838099.0,False,False
330,50785.44,Compresor,GE,X100,1603,7454,939881.0,False,False
331,102944.08,Generador,GE,Y200,4072,9881,739953.0,False,False
332,117499.46,Compresor,ABB,X100,4142,8504,1300727.0,False,False
333,88967.26,Motor,Siemens,Z300,2193,5343,1519219.0,False,False
334,136476.4,Compresor,GE,Z300,2181,1478,972847.0,False,False
335,141404.46,Compresor,GE,M400,3590,1382,857396.0,False,False
336,117347.54000000001,Compresor,Schneider,X100,628,3186,951814.0,False,False
337,99843.77,Generador,Schneider,M400,4744,9776,532638.3276785715,False,False
338,81340.56,Transformador,Schneider,Y200,2887,4476,375219.0,True,False
339,93739.99,Transformador,GE,Z300,695,6535,1199689.0,False,False
340,93238.47,Generador,Siemens,M400,2166,3098,975357.0,False,False
341,84530.13,Compresor,ABB,M400,3762,7960,803965.0,False,False
342,87712.39,Motor,Siemens,M400,3568,9254,903314.0,False,False
343,157618.455,Motor,Siemens,M400,3706,3434,831295.0,False,False
344,144103.38,Compresor,GE,Z300,3584,666,959216.0,False,False
345,99302.245,Compresor,GE,Z300,1780,858,1204384.0,False,False
346,105010.49,Generador,Siemens,Y200,2975,3291,1334161.3276785715,False,False
347,100618.35,Compresor,ABB,Y200,1642,3922,636600.0,False,False
348,119525.295,Compresor,Siemens,Y200,257,8826,872099.0,False,False
349,97658.58,Motor,Schneider,Z300,3360,6980,1003150.0,False,False
350,65834.19,Transformador,GE,Y200,2468,525,548559.0,False,False
351,83925.85,Motor,GE,Z300,1847,6908,683471.0,False,False
352,88829.05,Motor,GE,Y200,4181,7346,774322.0,False,False
353,107645.085,Transformador,GE,Z300,197,2270,886550.0,False,False
354,91540.33,Compresor,Schneider,Z300,4929,9926,756800.0,False,False
355,61209.61,Generador,GE,X100,79,2171,1005941.3276785715,False,False
356,152601.23,Transformador,ABB,Y200,474,6101,828842.0,False,False
357,100969.07,Compresor,Siemens,X100,236,5502,1025595.0,False,False
358,92431.785,Generador,GE,M400,2877,1870,1063133.0,False,False
359,85904.98,Generador,Siemens,Y200,4212,9726,624221.0,False,False
360,125527.66,Transformador,Siemens,Y200,945,4231,554879.0,False,False
361,69946.93,Generador,GE,Y200,3234,8177,639406.0,False,False
362,100419.44,Generador,Schneider,Z300,2510,1313,1305090.0,False,False
363,82604.56999999999,Compresor,GE,Z300,1909,654,729064.0,False,False
364,89415.7,Transformador,GE,Z300,347,9303,701620.0,False,False
365,69104.01,Compresor,Schneider,X100,4324,8538,842960.0,False,False
366,100182.16,Motor,Siemens,M400,489,761,605042.0,False,False
367,89219.03,Transformador,ABB,Y200,2834,8094,1161136.0,False,False
368,93909.66,Generador,Siemens,Z300,423,6070,1543189.0,False,False
369,76547.0,Motor,Siemens,X100,256,2938,811655.0,False,False
370,63157.06,Motor,Siemens,Z300,2255,7027,1062870.0,False,False
371,135860.81,Generador,GE,Y200,3295,3697,576451.0,False,False
372,128869.92,Transformador,Schneider,M400,2001,7059,1120679.0,False,False
373,93546.98999999999,Transformador,GE,X100,3550,4054,707491.0,False,False
374,60253.27,Generador,Siemens,X100,2444,2146,1376004.0,False,False
375,116516.03,Generador,ABB,M400,254,5789,907083.0,False,False
376,120320.96,Generador,Siemens,Z300,1518,774,1359400.0,False,False
377,93564.09,Compresor,GE,Z300,222,9026,1041743.3276785715,False,False
378,99620.29000000001,Compresor,ABB,Y200,268,3021,1190703.0,False,False
379,126620.84,Compresor,GE,Y200,3097,7426,724841.0,False,False
380,74609.825,Transformador,ABB,X100,1776,6043,1057749.0,False,False
381,75930.055,Generador,GE,Z300,345,809,782756.0,False,False
382,70188.05,Generador,Schneider,X100,2760,2520,586809.0,False,False
383,88855.84,Generador,Siemens,Z300,260,1321,951358.0,False,False
384,105538.64,Motor,Siemens,M400,799,9921,625626.0,False,False
385,103370.59,Compresor,GE,X100,3264,4159,474162.0,False,False
386,69304.04,Generador,Siemens,Y200,3527,7833,1077107.0,False,False
387,98240.2,Compresor,GE,M400,4802,8492,1158247.0,False,False
388,71103.36,Transformador,ABB,Z300,1547,1783,815508.0,False,False
389,111347.59,Transformador,GE,Z300,2782,7482,714135.0,False,False
390,141114.64,Compresor,GE,M400,3127,7566,827966.0,False,False
391,43995.31,Motor,Siemens,M400,1403,5959,960614.0,False,True
392,86164.59,Transformador,GE,X100,355,6328,845071.0,False,False
393,155391.75,Generador,ABB,Y200,574,5064,1137738.0,False,False
394,129084.59,Compresor,Schneider,X100,3153,5280,623634.0,False,False
395,107356.57,Transformador,Siemens,Z300,4834,8894,776591.0,False,False
396,83013.13,Generador,ABB,Y200,1259,7100,639775.0,False,False
397,148050.5,Compresor,GE,Z300,2723,5195,1205201.0,False,False
398,99427.3,Generador,ABB,Y200,4356,2388,886045.0,False,False
399,75563.935,Compresor,ABB,Y200,865,7305,344514.0,True,False
400,123900.73,Generador,GE,Z300,2730,8683,671574.0,False,False
401,62490.61,Transformador,ABB,Z300,212,2886,1385387.0,False,False
402,98006.93,Transformador,GE,X100,4974,5485,1011674.0,False,False
403,114183.74,Transformador,ABB,Y200,3329,5846,1228980.0,False,False
404,142335.01,Transformador,ABB,Z300,2168,6482,699609.0,False,False
405,102852.5,Transformador,Schneider,Y200,1825,864,848569.0,False,False
406,125227.56,Compresor,ABB,M400,2503,1761,699855.0,False,False
407,84037.31,Motor,Siemens,M400,1520,3765,917324.0,False,False
408,113493.62,Compresor,ABB,M400,1754,3756,697184.0,False,False
409,119384.39,Compresor,GE,Z300,1613,1370,908090.3276785715,False,False
410,103960.585,Compresor,Siemens,Z300,1831,2711,953600.0,False,False
411,95146.32,Compresor,GE,Z300,2174,6330,979746.3276785715,False,False
412,133758.68,Transformador,Siemens,M400,1187,2867,788269.0,False,False
413,100224.045,Transformador,Schneider,Z300,808,2676,912086.0,False,False
414,97225.42,Transformador,ABB,M400,4609,7487,803576.0,False,False
415,139117.0,Generador,Schneider,M400,480,7667,793814.0,False,False
416,132481.74,Generador,Siemens,X100,1022,3777,1025311.0,False,False
417,76798.29000000001,Transformador,Schneider,Y200,4914,5873,662398.0,False,False
418,129401.13,Transformador,ABB,Y200,4930,8814,739719.0,False,False
419,98319.24,Transformador,Schneider,M400,3811,1067,757808.0,False,False
420,110522.06,Transformador,GE,M400,4333,3220,1156487.0,False,False
421,183067.45,Generador,GE,Y200,4895,5200,1054188.0,False,True
422,104184.78,Compresor,Schneider,Y200,4316,6041,997472.0,False,False
423,158456.28,Compresor,GE,M400,562,3944,716229.0,False,False
424,146870.32,Transformador,Schneider,X100,3765,5135,897000.0,False,False
425,97290.85,Compresor,GE,Z300,4948,3913,645466.0,False,False
426,93927.47,Transformador,Siemens,Y200,2074,3822,938495.3276785715,False,False
427,127065.555,Generador,ABB,M400,1324,1741,1224570.0,False,False
428,111287.42,Generador,ABB,Z300,4154,3823,928797.3276785715,False,False
429,84618.47,Motor,GE,Y200,4083,6426,989169.0,False,False
430,154864.78,Compresor,Schneider,Z300,2955,6844,1064723.0,False,False
431,76255.20999999999,Transformador,ABB,Z300,1481,7142,760842.0,False,False
432,94527.65,Generador,Schneider,X100,4744,8908,450984.0,False,False
433,122146.43000000001,Generador,Schneider,X100,4796,6943,719565.0,False,False
434,99637.28,Generador,GE,Z300,1712,5938,888398.3276785715,False,False
435,61326.94,Compresor,Siemens,Y200,3489,9178,710653.0,False,False
436,88348.6,Motor,Siemens,X100,729,585,662400.0,False,False
437,83729.41,Transformador,ABB,M400,3039,4399,887446.0,False,False
438,69782.72,Motor,GE,Y200,1861,7163,803214.0,False,False
439,86871.58,Motor,ABB,X100,4907,8136,621200.3276785715,False,False
440,110964.56999999999,Generador,ABB,Z300,4086,7468,658416.0,False,False
441,72111.85,Motor,Siemens,Z300,4881,2367,1224605.0,False,False
442,119882.08,Compresor,Schneider,Y200,2121,9933,912686.0,False,False
443,163698.37,Transformador,ABB,X100,4078,5545,580724.0,False,False
444,95400.61,Transformador,GE,X100,4637,3081,614926.0,False,False
445,108412.8,Compresor,Schneider,M400,562,5849,520921.0,False,False
446,96503.48,Transformador,ABB,Z300,370,1678,826305.0,False,False
447,88198.99,Generador,ABB,X100,1306,5025,1082961.0,False,False
448,86758.77,Compresor,Siemens,X100,4260,3107,710903.0,False,False
449,126751.47,Generador,GE,X100,2616,9224,950723.0,False,False
450,125456.18,Motor,Siemens,Z300,2577,8706,922528.0,False,False
451,103078.41500000001,Compresor,Siemens,Z300,3659,2376,859750.0,False,False
452,100259.06,Generador,ABB,Y200,2176,7606,1445685.0,False,False
453,85869.22,Transformador,ABB,X100,791,5004,766321.0,False,False
454,54164.56,Motor,ABB,Y200,459,3248,640075.0,False,False
455,97910.48,Generador,Siemens,Z300,3212,2215,797075.0,False,False
456,93334.41,Generador,GE,Z300,409,5368,622457.0,False,False
457,116713.795,Motor,Siemens,Y200,3901,6258,836549.0,False,False
458,72207.02,Motor,Siemens,X100,670,5083,1204728.0,False,False
459,86322.29000000001,Transformador,Siemens,Z300,1823,1407,760515.0,False,False
460,85413.5,Motor,Siemens,Y200,999,669,744700.0,False,False
461,77519.21,Transformador,Siemens,Z300,3364,5979,960290.0,False,False
462,67467.79000000001,Generador,Siemens,M400,350,912,1272251.0,False,False
463,111093.72,Generador,Siemens,Y200,1181,9464,904423.0,False,False
464,104229.02,Transformador,GE,Y200,3622,9192,957417.3276785715,False,False
465,123910.69,Compresor,GE,M400,1238,2421,950247.0,False,False
466,72754.31999999999,Compresor,Schneider,M400,1589,1606,1344334.0,False,False
467,105067.03,Transformador,ABB,X100,670,1717,713425.0,False,False
468,71938.66,Motor,Siemens,M400,3213,4725,504300.0,False,False
469,105199.68,Generador,ABB,M400,4898,3963,862913.0,False,False
470,81336.58,Transformador,Siemens,X100,4506,6650,686061.3276785715,False,False
471,108237.985,Compresor,GE,Y200,3206,6390,651313.0,False,False
472,55981.08,Motor,Schneider,M400,2060,7076,763315.0,False,False
473,87734.76000000001,Transformador,GE,Z300,3931,9537,773082.3276785715,False,False
474,62611.63,Motor,Siemens,X100,3662,2679,963836.0,False,False
475,70675.59,Motor,Siemens,Z300,2400,6053,1319538.0,False,False
476,110138.06,Compresor,Schneider,X100,1724,4420,1159734.0,False,False
477,124046.65000000001,Motor,ABB,X100,2518,8354,801085.0,False,False
478,98055.23,Transformador,GE,Z300,1327,4620,1207762.0,False,False
479,83100.73,Motor,ABB,M400,2632,2386,891556.0,False,False
480,91865.29000000001,Generador,Siemens,X100,2406,3417,1171384.0,False,False
481,74470.73000000001,Generador,Siemens,M400,3890,4890,1030759.0,False,False
482,63554.89,Generador,GE,Z300,4819,9429,732989.0,False,False
483,146535.36,Motor,Siemens,X100,841,7808,886504.0,False,False
484,125086.49,Motor,ABB,X100,2375,9528,629503.0,False,False
485,92985.42,Compresor,GE,M400,3069,6992,537427.0,False,False
486,91455.22,Compresor,ABB,M400,1019,5473,996636.0,False,False
487,105727.2,Transformador,GE,X100,1331,655,736818.0,False,False
488,171184.2,Generador,Siemens,M400,3562,1655,766877.0,False,True
489,120578.33,Generador,ABB,X100,163,7735,808356.0,False,False
490,75535.25,Transformador,Siemens,X100,2275,5118,617101.0,False,False
491,89156.15,Transformador,Siemens,Z300,3507,5258,660284.0,False,False
492,118320.575,Generador,Schneider,M400,250,3083,1010434.3276785715,False,False
493,80917.0,Transformador,Siemens,Z300,2889,7172,1270280.0,False,False
494,58826.81,Transformador,GE,Z300,187,5331,1198491.0,False,False
495,114736.12,Compresor,Schneider,Y200,4383,6188,1031898.0,False,False
496,113528.16,Motor,Siemens,X100,3617,5594,1115461.0,False,False
497,109060.65,Generador,Schneider,Y200,548,8614,1016176.0,False,False
498,116432.40000000001,Motor,Schneider,M400,2602,5874,901030.3276785715,False,False
499,81383.815,Motor,ABB,M400,877,6907,610500.0,False,False
